,filename,y,y_pred_CNN
0,U00_20230205190812,1.0,0.48088186979293823
1,U00_20230205190827,1.0,0.48087278008461
2,U00_20230205190807,1.0,0.4807721674442291
3,U00_20230205190817,1.0,0.48106953501701355
4,U00_20230205190812,1.0,0.48088186979293823
5,U00_20230205190817,1.0,0.48106953501701355
6,U00_20230205190822,1.0,0.48076263070106506
7,U00_20230205190737,1.0,0.48145461082458496
8,U00_20230205190807,1.0,0.4807721674442291
9,U00_20230205190807,1.0,0.4807721674442291
