,filename,y,y_pred_MLP
0,U00_20230205190812,1,0.50195885
1,U00_20230205190827,1,0.50182784
2,U00_20230205190807,1,0.5019323
3,U00_20230205190817,1,0.5019018
4,U00_20230205190812,1,0.5018566
5,U00_20230205190817,1,0.50183004
6,U00_20230205190822,1,0.5018896
7,U00_20230205190737,1,0.5019111
8,U00_20230205190807,1,0.50189936
9,U00_20230205190807,1,0.5018667
10,U00_20230205190752,1,0.5018322
11,U00_20230205190742,1,0.5019812
